City,State,Latitude,Longitude
New York,New York,40.7127753,-74.0059728
Los Angeles,California,34.0522342,-118.2436849
Chicago,Illinois,41.8781136,-87.6297982
Houston,Texas,29.7604267,-95.3698028
Philadelphia,Pennsylvania,39.9525839,-75.1652215
Phoenix,Arizona,33.4483771,-112.0740373
San Antonio,Texas,29.4241219,-98.49362819999999
San Diego,California,32.715738,-117.1610838
Dallas,Texas,32.7766642,-96.79698789999999
San Jose,California,37.3382082,-121.8863286
Austin,Texas,30.267153,-97.7430608
Indianapolis,Indiana,39.768403,-86.158068
Jacksonville,Florida,30.3321838,-81.65565099999999
San Francisco,California,37.7749295,-122.4194155
Columbus,Ohio,39.9611755,-82.99879419999999
Charlotte,North Carolina,35.2270869,-80.8431267
Fort Worth,Texas,32.7554883,-97.3307658
Detroit,Michigan,42.331427,-83.0457538
El Paso,Texas,31.7618778,-106.4850217
Memphis,Tennessee,35.1495343,-90.0489801
Seattle,Washington,47.6062095,-122.3320708
Denver,Colorado,39.7392358,-104.990251
Washington,District of Columbia,38.9071923,-77.0368707
Boston,Massachusetts,42.3600825,-71.0588801
Nashville-Davidson,Tennessee,36.1626638,-86.7816016
Baltimore,Maryland,39.2903848,-76.6121893
Oklahoma City,Oklahoma,35.4675602,-97.5164276
Louisville/Jefferson County,Kentucky,38.2526647,-85.7584557
Portland,Oregon,45.5051064,-122.6750261
Las Vegas,Nevada,36.1699412,-115.1398296
Milwaukee,Wisconsin,43.0389025,-87.9064736
Albuquerque,New Mexico,35.0843859,-106.650422
Tucson,Arizona,32.2226066,-110.9747108
Fresno,California,36.7377981,-119.7871247
Sacramento,California,38.5815719,-121.4943996
Long Beach,California,33.7700504,-118.1937395
Kansas City,Missouri,39.0997265,-94.5785667
Mesa,Arizona,33.4151843,-111.8314724
Virginia Beach,Virginia,36.8529263,-75.97798499999999
Atlanta,Georgia,33.7489954,-84.3879824
Colorado Springs,Colorado,38.8338816,-104.8213634
Omaha,Nebraska,41.2565369,-95.9345034
Raleigh,North Carolina,35.7795897,-78.6381787
Miami,Florida,25.7616798,-80.1917902
Oakland,California,37.8043514,-122.2711639
Minneapolis,Minnesota,44.977753,-93.2650108
Tulsa,Oklahoma,36.1539816,-95.99277500000001
Cleveland,Ohio,41.49932,-81.6943605
Wichita,Kansas,37.68717609999999,-97.33005299999999
Arlington,Texas,32.735687,-97.10806559999999
New Orleans,Louisiana,29.95106579999999,-90.0715323
Bakersfield,California,35.3732921,-119.0187125
Tampa,Florida,27.950575,-82.4571776
Honolulu,Hawaii,21.3069444,-157.8583333
Aurora,Colorado,39.7294319,-104.8319195
Anaheim,California,33.8365932,-117.9143012
Santa Ana,California,33.7454725,-117.867653
St. Louis,Missouri,38.6270025,-90.19940419999999
Riverside,California,33.9806005,-117.3754942
Corpus Christi,Texas,27.8005828,-97.39638099999999
Lexington-Fayette,Kentucky,38.0405837,-84.5037164
Pittsburgh,Pennsylvania,40.44062479999999,-79.9958864
Anchorage,Alaska,61.2180556,-149.9002778
Stockton,California,37.9577016,-121.2907796
Cincinnati,Ohio,39.1031182,-84.5120196
St. Paul,Minnesota,44.9537029,-93.0899578
Toledo,Ohio,41.6528052,-83.5378674
Greensboro,North Carolina,36.0726354,-79.7919754
Newark,New Jersey,40.735657,-74.1723667
Plano,Texas,33.0198431,-96.6988856
Henderson,Nevada,36.0395247,-114.9817213
Lincoln,Nebraska,40.813616,-96.7025955
Buffalo,New York,42.88644679999999,-78.8783689
Jersey City,New Jersey,40.7177545,-74.0431435
Chula Vista,California,32.6400541,-117.0841955
Fort Wayne,Indiana,41.079273,-85.1393513
Orlando,Florida,28.5383355,-81.3792365
St. Petersburg,Florida,27.7676008,-82.64029149999999
Chandler,Arizona,33.3061605,-111.8412502
Laredo,Texas,27.5035613,-99.5075519
Norfolk,Virginia,36.8507689,-76.28587259999999
Durham,North Carolina,35.9940329,-78.898619
Madison,Wisconsin,43.0730517,-89.4012302
Lubbock,Texas,33.5778631,-101.8551665
Irvine,California,33.6845673,-117.8265049
Winston-Salem,North Carolina,36.09985959999999,-80.244216
Glendale,Arizona,33.5386523,-112.1859866
Garland,Texas,32.912624,-96.63888329999999
Hialeah,Florida,25.8575963,-80.2781057
Reno,Nevada,39.5296329,-119.8138027
Chesapeake,Virginia,36.7682088,-76.2874927
Gilbert,Arizona,33.3528264,-111.789027
Baton Rouge,Louisiana,30.4514677,-91.18714659999999
Irving,Texas,32.8140177,-96.9488945
Scottsdale,Arizona,33.4941704,-111.9260519
North Las Vegas,Nevada,36.1988592,-115.1175013
Fremont,California,37.5485396,-121.988583
Boise City,Idaho,43.6150186,-116.2023137
Richmond,Virginia,37.5407246,-77.4360481
San Bernardino,California,34.1083449,-117.2897652
Birmingham,Alabama,33.5185892,-86.8103567
Spokane,Washington,47.6587802,-117.4260465
Rochester,New York,43.15657789999999,-77.6088465
Des Moines,Iowa,41.5868353,-93.6249593
Modesto,California,37.6392595,-120.9970014
Fayetteville,North Carolina,35.0526641,-78.87835849999999
Tacoma,Washington,47.2528768,-122.4442906
Oxnard,California,34.1975048,-119.1770516
Fontana,California,34.0922335,-117.435048
Columbus,Georgia,32.4609764,-84.9877094
Montgomery,Alabama,32.3792233,-86.3077368
Moreno Valley,California,33.9424658,-117.2296717
Shreveport,Louisiana,32.5251516,-93.7501789
Aurora,Illinois,41.7605849,-88.32007150000001
Yonkers,New York,40.9312099,-73.89874689999999
Akron,Ohio,41.0814447,-81.51900529999999
Huntington Beach,California,33.6594835,-117.9988026
Little Rock,Arkansas,34.7464809,-92.28959479999999
Augusta-Richmond County,Georgia,33.4734978,-82.0105148
Amarillo,Texas,35.2219971,-101.8312969
Glendale,California,34.1425078,-118.255075
Mobile,Alabama,30.6953657,-88.0398912
Grand Rapids,Michigan,42.9633599,-85.6680863
Salt Lake City,Utah,40.7607793,-111.8910474
Tallahassee,Florida,30.4382559,-84.28073289999999
Huntsville,Alabama,34.7303688,-86.5861037
Grand Prairie,Texas,32.7459645,-96.99778459999999
Knoxville,Tennessee,35.9606384,-83.9207392
Worcester,Massachusetts,42.2625932,-71.8022934
Newport News,Virginia,37.0870821,-76.4730122
Brownsville,Texas,25.9017472,-97.4974838
Overland Park,Kansas,38.9822282,-94.6707917
Santa Clarita,California,34.3916641,-118.542586
Providence,Rhode Island,41.8239891,-71.4128343
Garden Grove,California,33.7742692,-117.9379952
Chattanooga,Tennessee,35.0456297,-85.3096801
Oceanside,California,33.1958696,-117.3794834
Jackson,Mississippi,32.2987573,-90.1848103
Fort Lauderdale,Florida,26.1224386,-80.13731740000001
Santa Rosa,California,38.440429,-122.7140548
Rancho Cucamonga,California,34.10639889999999,-117.5931084
Port St. Lucie,Florida,27.2730492,-80.3582261
Tempe,Arizona,33.4255104,-111.9400054
Ontario,California,34.0633443,-117.6508876
Vancouver,Washington,45.6257379,-122.6760886
Cape Coral,Florida,26.5628537,-81.9495331
Sioux Falls,South Dakota,43.5473028,-96.728333
Springfield,Missouri,37.2089572,-93.29229889999999
Peoria,Arizona,33.5805955,-112.2373779
Pembroke Pines,Florida,26.007765,-80.2962555
Elk Grove,California,38.4087993,-121.3716178
Salem,Oregon,44.9428975,-123.0350963
Lancaster,California,34.6867846,-118.1541632
Corona,California,33.8752935,-117.5664384
Eugene,Oregon,44.0520691,-123.0867536
Palmdale,California,34.5794343,-118.1164613
Salinas,California,36.6777372,-121.6555013
Springfield,Massachusetts,42.1014831,-72.589811
Pasadena,Texas,29.6910625,-95.2091006
Fort Collins,Colorado,40.5852602,-105.084423
Hayward,California,37.6687665,-122.0809964
Pomona,California,34.055103,-117.7499909
Cary,North Carolina,35.79154,-78.7811169
Rockford,Illinois,42.2711311,-89.0939952
Alexandria,Virginia,38.8048355,-77.0469214
Escondido,California,33.1192068,-117.086421
McKinney,Texas,33.1983388,-96.6389342
Kansas City,Kansas,39.11553139999999,-94.62678729999999
Joliet,Illinois,41.525031,-88.0817251
Sunnyvale,California,37.36883,-122.0363496
Torrance,California,33.8358492,-118.3406288
Bridgeport,Connecticut,41.1792258,-73.1894384
Lakewood,Colorado,39.7047095,-105.0813734
Hollywood,Florida,26.0112014,-80.1494901
Paterson,New Jersey,40.9167654,-74.17181099999999
Naperville,Illinois,41.7508391,-88.1535352
Syracuse,New York,43.0481221,-76.14742439999999
Mesquite,Texas,32.76679550000001,-96.5991593
Dayton,Ohio,39.7589478,-84.1916069
Savannah,Georgia,32.0808989,-81.091203
Clarksville,Tennessee,36.5297706,-87.3594528
Orange,California,33.7879139,-117.8531007
Pasadena,California,34.1477849,-118.1445155
Fullerton,California,33.8703645,-117.9242123
Killeen,Texas,31.1171194,-97.72779589999999
Frisco,Texas,33.1506744,-96.82361159999999
Hampton,Virginia,37.0298687,-76.34522179999999
McAllen,Texas,26.2034071,-98.23001239999999
Warren,Michigan,42.5144566,-83.01465259999999
Bellevue,Washington,47.6101497,-122.2015159
West Valley City,Utah,40.6916132,-112.0010501
Columbia,South Carolina,34.0007104,-81.0348144
Olathe,Kansas,38.8813958,-94.81912849999999
Sterling Heights,Michigan,42.5803122,-83.0302033
New Haven,Connecticut,41.308274,-72.9278835
Miramar,Florida,25.9860762,-80.30356019999999
Waco,Texas,31.549333,-97.1466695
Thousand Oaks,California,34.1705609,-118.8375937
Cedar Rapids,Iowa,41.9778795,-91.6656232
Charleston,South Carolina,32.7764749,-79.93105120000001
Visalia,California,36.3302284,-119.2920585
Topeka,Kansas,39.0473451,-95.67515759999999
Elizabeth,New Jersey,40.6639916,-74.2107006
Gainesville,Florida,29.6516344,-82.32482619999999
Thornton,Colorado,39.8680412,-104.9719243
Roseville,California,38.7521235,-121.2880059
Carrollton,Texas,32.9756415,-96.8899636
Coral Springs,Florida,26.271192,-80.2706044
Stamford,Connecticut,41.0534302,-73.5387341
Simi Valley,California,34.2694474,-118.781482
Concord,California,37.9779776,-122.0310733
Hartford,Connecticut,41.7658043,-72.6733723
Kent,Washington,47.3809335,-122.2348432
Lafayette,Louisiana,30.2240897,-92.0198427
Midland,Texas,31.9973456,-102.0779146
Surprise,Arizona,33.6292337,-112.3679279
Denton,Texas,33.2148412,-97.13306829999999
Victorville,California,34.5362184,-117.2927641
Evansville,Indiana,37.9715592,-87.5710898
Santa Clara,California,37.3541079,-121.9552356
Abilene,Texas,32.4487364,-99.73314390000002
Athens-Clarke County,Georgia,33.9519347,-83.357567
Vallejo,California,38.1040864,-122.2566367
Allentown,Pennsylvania,40.6022939,-75.4714098
Norman,Oklahoma,35.2225668,-97.4394777
Beaumont,Texas,30.080174,-94.1265562
Independence,Missouri,39.0911161,-94.41550679999999
Murfreesboro,Tennessee,35.8456213,-86.39027
Ann Arbor,Michigan,42.2808256,-83.7430378
Springfield,Illinois,39.78172130000001,-89.6501481
Berkeley,California,37.8715226,-122.273042
Peoria,Illinois,40.6936488,-89.5889864
Provo,Utah,40.2338438,-111.6585337
El Monte,California,34.0686206,-118.0275667
Columbia,Missouri,38.9517053,-92.3340724
Lansing,Michigan,42.732535,-84.5555347
Fargo,North Dakota,46.8771863,-96.7898034
Downey,California,33.9401088,-118.1331593
Costa Mesa,California,33.6638439,-117.9047429
Wilmington,North Carolina,34.2103894,-77.8868117
Arvada,Colorado,39.8027644,-105.0874842
Inglewood,California,33.9616801,-118.3531311
Miami Gardens,Florida,25.9420377,-80.2456045
Carlsbad,California,33.1580933,-117.3505939
Westminster,Colorado,39.8366528,-105.0372046
Rochester,Minnesota,44.0121221,-92.4801989
Odessa,Texas,31.8456816,-102.3676431
Manchester,New Hampshire,42.9956397,-71.4547891
Elgin,Illinois,42.0354084,-88.2825668
West Jordan,Utah,40.6096698,-111.9391031
Round Rock,Texas,30.5082551,-97.678896
Clearwater,Florida,27.9658533,-82.8001026
Waterbury,Connecticut,41.5581525,-73.0514965
Gresham,Oregon,45.5098502,-122.4347608
Fairfield,California,38.2491956,-122.0405151
Billings,Montana,45.7832856,-108.5006904
Lowell,Massachusetts,42.6334247,-71.31617179999999
San Buenaventura (Ventura),California,34.2804923,-119.2945199
Pueblo,Colorado,38.2544472,-104.6091409
High Point,North Carolina,35.9556923,-80.0053176
West Covina,California,34.0686208,-117.9389526
Richmond,California,37.9357576,-122.3477486
Murrieta,California,33.5539143,-117.2139232
Cambridge,Massachusetts,42.3736158,-71.10973349999999
Antioch,California,38.0049214,-121.805789
Temecula,California,33.4936391,-117.1483648
Norwalk,California,33.9022367,-118.081733
Centennial,Colorado,39.5807452,-104.8771726
Everett,Washington,47.9789848,-122.2020795
Palm Bay,Florida,28.0344621,-80.5886646
Wichita Falls,Texas,33.9137085,-98.4933873
Green Bay,Wisconsin,44.5133188,-88.0132958
Daly City,California,37.6879241,-122.4702079
Burbank,California,34.1808392,-118.3089661
Richardson,Texas,32.9483335,-96.7298519
Pompano Beach,Florida,26.2378597,-80.1247667
North Charleston,South Carolina,32.8771106,-80.0130514
Broken Arrow,Oklahoma,36.060949,-95.7974526
Boulder,Colorado,40.0149856,-105.2705456
West Palm Beach,Florida,26.7153424,-80.0533746
Santa Maria,California,34.9530337,-120.4357191
El Cajon,California,32.7947731,-116.9625269
Davenport,Iowa,41.5236437,-90.5776367
Rialto,California,34.1064001,-117.3703235
Las Cruces,New Mexico,32.3199396,-106.7636538
San Mateo,California,37.5629917,-122.3255254
Lewisville,Texas,33.046233,-96.994174
South Bend,Indiana,41.6763545,-86.25198979999999
Lakeland,Florida,28.0394654,-81.9498042
Erie,Pennsylvania,42.12922409999999,-80.085059
Tyler,Texas,32.3512601,-95.30106239999999
Pearland,Texas,29.5635666,-95.2860474
College Station,Texas,30.627977,-96.3344068
Kenosha,Wisconsin,42.5847425,-87.82118539999999
Sandy Springs,Georgia,33.9304352,-84.3733147
Clovis,California,36.8252277,-119.7029194
Flint,Michigan,43.0125274,-83.6874562
Roanoke,Virginia,37.2709704,-79.9414266
Albany,New York,42.6525793,-73.7562317
Jurupa Valley,California,33.9971974,-117.4854802
Compton,California,33.8958492,-118.2200712
San Angelo,Texas,31.4637723,-100.4370375
Hillsboro,Oregon,45.5272177,-122.9360906
Lawton,Oklahoma,34.6035669,-98.39592909999999
Renton,Washington,47.4796927,-122.2079218
Vista,California,33.2000368,-117.2425355
Davie,Florida,26.0764783,-80.25211569999999
Greeley,Colorado,40.4233142,-104.7091322
Mission Viejo,California,33.5968913,-117.6581562
Portsmouth,Virginia,36.8354258,-76.2982742
Dearborn,Michigan,42.3222599,-83.17631449999999
South Gate,California,33.954737,-118.2120161
Tuscaloosa,Alabama,33.2098407,-87.56917349999999
Livonia,Michigan,42.36837,-83.35270969999999
New Bedford,Massachusetts,41.6362152,-70.93420499999999
Vacaville,California,38.3565773,-121.9877444
Brockton,Massachusetts,42.0834335,-71.0183787
Roswell,Georgia,34.0232431,-84.3615555
Beaverton,Oregon,45.4888761,-122.8013771
Quincy,Massachusetts,42.2528772,-71.0022705
Sparks,Nevada,39.5349112,-119.7526886
Yakima,Washington,46.6020711,-120.5058987
Lee's Summit,Missouri,38.9108408,-94.3821724
Federal Way,Washington,47.3223221,-122.3126222
Carson,California,33.8316745,-118.281693
Santa Monica,California,34.0194543,-118.4911912
Hesperia,California,34.4263886,-117.3008784
Allen,Texas,33.1031744,-96.67055030000002
Rio Rancho,New Mexico,35.2327544,-106.6630437
Yuma,Arizona,32.6926512,-114.6276916
Westminster,California,33.7591757,-117.9897058
Orem,Utah,40.2968979,-111.6946475
Lynn,Massachusetts,42.46676300000001,-70.9494938
Redding,California,40.5865396,-122.3916754
Spokane Valley,Washington,47.6732281,-117.2393748
Miami Beach,Florida,25.790654,-80.1300455
League City,Texas,29.5074538,-95.0949303
Lawrence,Kansas,38.9716689,-95.2352501
Santa Barbara,California,34.4208305,-119.6981901
Plantation,Florida,26.1275862,-80.23310359999999
Sandy,Utah,40.5649781,-111.8389726
Sunrise,Florida,26.1669711,-80.25659499999999
Macon,Georgia,32.8406946,-83.6324022
Longmont,Colorado,40.1672068,-105.1019275
Boca Raton,Florida,26.3683064,-80.1289321
San Marcos,California,33.1433723,-117.1661449
Greenville,North Carolina,35.612661,-77.3663538
Waukegan,Illinois,42.3636331,-87.84479379999999
Fall River,Massachusetts,41.7014912,-71.1550451
Chico,California,39.7284944,-121.8374777
Newton,Massachusetts,42.3370413,-71.20922139999999
San Leandro,California,37.7257663,-122.1568554
Reading,Pennsylvania,40.3356483,-75.9268747
Norwalk,Connecticut,41.11774399999999,-73.4081575
Fort Smith,Arkansas,35.3859242,-94.39854749999999
Newport Beach,California,33.6188829,-117.9298493
Asheville,North Carolina,35.5950581,-82.5514869
Nashua,New Hampshire,42.7653662,-71.46756599999999
Edmond,Oklahoma,35.6528323,-97.47809540000002
Whittier,California,33.9791793,-118.032844
Nampa,Idaho,43.5788175,-116.55978
Bloomington,Minnesota,44.840798,-93.2982799
Deltona,Florida,28.9005446,-81.26367379999999
Hawthorne,California,33.9164032,-118.3525748
Duluth,Minnesota,46.78667189999999,-92.1004852
Carmel,Indiana,39.978371,-86.1180435
Suffolk,Virginia,36.7282054,-76.5835621
Clifton,New Jersey,40.8584328,-74.16375529999999
Citrus Heights,California,38.7071247,-121.2810611
Livermore,California,37.6818688,-121.7684732
Tracy,California,37.7395818,-121.4260018
Alhambra,California,34.095287,-118.1270146
Kirkland,Washington,47.6768927,-122.2059833
Trenton,New Jersey,40.2205824,-74.759717
Ogden,Utah,41.223,-111.9738304
Hoover,Alabama,33.4053867,-86.8113781
Cicero,Illinois,41.8455877,-87.7539448
Fishers,Indiana,39.9567548,-86.01335
Sugar Land,Texas,29.5984434,-95.6225521
Danbury,Connecticut,41.394817,-73.4540111
Meridian,Idaho,43.6121087,-116.3915131
Indio,California,33.7205771,-116.2155619
Concord,North Carolina,35.4087517,-80.579511
Menifee,California,33.6971468,-117.185294
Champaign,Illinois,40.1164204,-88.2433829
Buena Park,California,33.8674044,-117.9981387
Troy,Michigan,42.6064095,-83.1497751
O'Fallon,Missouri,38.8106075,-90.69984769999999
Johns Creek,Georgia,34.0289259,-84.198579
Bellingham,Washington,48.7519112,-122.4786854
Westland,Michigan,42.32420399999999,-83.400211
Bloomington,Indiana,39.165325,-86.52638569999999
Sioux City,Iowa,42.4963416,-96.40494079999999
Warwick,Rhode Island,41.7001009,-71.4161671
Hemet,California,33.7475203,-116.9719684
Longview,Texas,32.5007037,-94.74048909999999
Farmington Hills,Michigan,42.4989936,-83.3677168
Bend,Oregon,44.0581728,-121.3153096
Lakewood,California,33.8536269,-118.1339563
Merced,California,37.3021632,-120.4829677
Mission,Texas,26.2159066,-98.32529319999999
Chino,California,34.0122346,-117.688944
Redwood City,California,37.48521520000001,-122.2363548
Edinburg,Texas,26.3017374,-98.1633432
Cranston,Rhode Island,41.7798226,-71.4372796
Parma,Ohio,41.4047742,-81.7229086
New Rochelle,New York,40.9114882,-73.7823549
Lake Forest,California,33.6469437,-117.6861023
Napa,California,38.2975381,-122.286865
Hammond,Indiana,41.5833688,-87.5000412
Fayetteville,Arkansas,36.082156,-94.17185420000001
Bloomington,Illinois,40.4842027,-88.99368729999999
Avondale,Arizona,33.4355977,-112.3496021
Somerville,Massachusetts,42.3875968,-71.0994968
Palm Coast,Florida,29.5844524,-81.20786989999999
Bryan,Texas,30.6743643,-96.3699632
Gary,Indiana,41.6020403,-87.3371523
Largo,Florida,27.9094665,-82.7873244
Brooklyn Park,Minnesota,45.0941315,-93.3563405
Tustin,California,33.7420005,-117.8236391
Racine,Wisconsin,42.7261309,-87.78285230000002
Deerfield Beach,Florida,26.3184123,-80.09976569999999
Lynchburg,Virginia,37.4137536,-79.14224639999999
Mountain View,California,37.3860517,-122.0838511
Medford,Oregon,42.3265152,-122.8755949
Lawrence,Massachusetts,42.7070354,-71.1631137
Bellflower,California,33.8816818,-118.1170117
Melbourne,Florida,28.0836269,-80.60810889999999
St. Joseph,Missouri,39.7674578,-94.84668099999999
Camden,New Jersey,39.9259463,-75.1196199
St. George,Utah,37.0965278,-113.5684164
Kennewick,Washington,46.2086683,-119.119948
Baldwin Park,California,34.0852868,-117.9608978
Chino Hills,California,33.9898188,-117.7325848
Alameda,California,37.7798721,-122.2821855
Albany,Georgia,31.5785074,-84.15574099999999
Arlington Heights,Illinois,42.0883603,-87.98062650000001
Scranton,Pennsylvania,41.408969,-75.66241219999999
Evanston,Illinois,42.0450722,-87.68769689999999
Kalamazoo,Michigan,42.2917069,-85.5872286
Baytown,Texas,29.7355047,-94.97742740000001
Upland,California,34.09751,-117.6483876
Springdale,Arkansas,36.18674420000001,-94.1288141
Bethlehem,Pennsylvania,40.6259316,-75.37045789999999
Schaumburg,Illinois,42.0333607,-88.0834059
Mount Pleasant,South Carolina,32.8323225,-79.82842579999999
Auburn,Washington,47.30732279999999,-122.2284532
Decatur,Illinois,39.8403147,-88.9548001
San Ramon,California,37.7643595,-121.9539616
Pleasanton,California,37.6604484,-121.8757968
Wyoming,Michigan,42.9133602,-85.7053085
Lake Charles,Louisiana,30.2265949,-93.2173758
Plymouth,Minnesota,45.0105194,-93.4555093
Bolingbrook,Illinois,41.69864159999999,-88.0683955
Pharr,Texas,26.1947962,-98.1836216
Appleton,Wisconsin,44.2619309,-88.41538469999999
Gastonia,North Carolina,35.262082,-81.18730049999999
Folsom,California,38.6779591,-121.1760583
Southfield,Michigan,42.4733688,-83.2218731
Rochester Hills,Michigan,42.65836609999999,-83.1499322
New Britain,Connecticut,41.6612104,-72.7795419
Goodyear,Arizona,33.4353394,-112.3576567
Canton,Ohio,40.79894729999999,-81.378447
Warner Robins,Georgia,32.6130007,-83.624201
Union City,California,37.5933562,-122.0438609
Perris,California,33.7825194,-117.2286478
Manteca,California,37.7974273,-121.2160526
Iowa City,Iowa,41.6611277,-91.5301683
Jonesboro,Arkansas,35.84229670000001,-90.704279
Wilmington,Delaware,39.744655,-75.5483909
Lynwood,California,33.930293,-118.2114603
Loveland,Colorado,40.3977612,-105.0749801
Pawtucket,Rhode Island,41.878711,-71.38255579999999
Boynton Beach,Florida,26.5317866,-80.0905465
Waukesha,Wisconsin,43.0116784,-88.2314813
Gulfport,Mississippi,30.3674198,-89.0928155
Apple Valley,California,34.5008311,-117.1858759
Passaic,New Jersey,40.8567662,-74.1284764
Rapid City,South Dakota,44.0805434,-103.2310149
Layton,Utah,41.0602216,-111.9710529
Lafayette,Indiana,40.4167022,-86.87528689999999
Turlock,California,37.4945743,-120.8459786
Muncie,Indiana,40.1933767,-85.3863599
Temple,Texas,31.0982344,-97.342782
Missouri City,Texas,29.6185669,-95.5377215
Redlands,California,34.0555693,-117.1825381
Santa Fe,New Mexico,35.6869752,-105.937799
Lauderhill,Florida,26.1403635,-80.2133808
Milpitas,California,37.4323341,-121.8995741
Palatine,Illinois,42.1103041,-88.03424000000001
Missoula,Montana,46.8721284,-113.9940314
Rock Hill,South Carolina,34.9248667,-81.02507840000001
Jacksonville,North Carolina,34.7540524,-77.4302414
Franklin,Tennessee,35.9250637,-86.8688899
Flagstaff,Arizona,35.1982836,-111.651302
Flower Mound,Texas,33.0145673,-97.0969552
Weston,Florida,26.1003654,-80.3997748
Waterloo,Iowa,42.492786,-92.34257749999999
Union City,New Jersey,40.7795455,-74.02375119999999
Mount Vernon,New York,40.9125992,-73.8370786
Fort Myers,Florida,26.640628,-81.8723084
Dothan,Alabama,31.2232313,-85.3904888
Rancho Cordova,California,38.5890723,-121.302728
Redondo Beach,California,33.8491816,-118.3884078
Jackson,Tennessee,35.6145169,-88.81394689999999
Pasco,Washington,46.2305049,-119.0922316
St. Charles,Missouri,38.7881062,-90.4974359
Eau Claire,Wisconsin,44.811349,-91.4984941
North Richland Hills,Texas,32.8342952,-97.2289029
Bismarck,North Dakota,46.8083268,-100.7837392
Yorba Linda,California,33.88850350000001,-117.8132571
Kenner,Louisiana,29.9940924,-90.2417434
Walnut Creek,California,37.9100783,-122.0651819
Frederick,Maryland,39.41426879999999,-77.4105409
Oshkosh,Wisconsin,44.0247062,-88.5426136
Pittsburg,California,38.0279762,-121.8846806
Palo Alto,California,37.4418834,-122.1430195
Bossier City,Louisiana,32.5159852,-93.7321228
Portland,Maine,43.6590993,-70.2568189
St. Cloud,Minnesota,45.5579451,-94.16324039999999
Davis,California,38.5449065,-121.7405167
South San Francisco,California,37.654656,-122.4077498
Camarillo,California,34.2163937,-119.0376023
North Little Rock,Arkansas,34.769536,-92.2670941
Schenectady,New York,42.8142432,-73.9395687
Gaithersburg,Maryland,39.1439689,-77.2016062
Harlingen,Texas,26.1906306,-97.69610259999999
Woodbury,Minnesota,44.9238552,-92.9593797
Eagan,Minnesota,44.8041322,-93.1668858
Yuba City,California,39.1404477,-121.6169108
Maple Grove,Minnesota,45.0724642,-93.4557877
Youngstown,Ohio,41.0997803,-80.6495194
Skokie,Illinois,42.0324025,-87.7416246
Kissimmee,Florida,28.2919557,-81.40757099999999
Johnson City,Tennessee,36.3134397,-82.3534727
Victoria,Texas,28.8052674,-97.0035982
San Clemente,California,33.4273521,-117.6126004
Bayonne,New Jersey,40.6687141,-74.1143091
Laguna Niguel,California,33.5236744,-117.7149438
East Orange,New Jersey,40.767323,-74.2048677
Shawnee,Kansas,39.02284849999999,-94.7151865
Homestead,Florida,25.4687224,-80.4775569
Rockville,Maryland,39.0839973,-77.1527578
Delray Beach,Florida,26.4614625,-80.0728201
Janesville,Wisconsin,42.6827885,-89.0187222
Conway,Arkansas,35.0886963,-92.4421011
Pico Rivera,California,33.9830688,-118.096735
Lorain,Ohio,41.452819,-82.1823746
Montebello,California,34.0165053,-118.1137535
Lodi,California,38.1341477,-121.2722194
New Braunfels,Texas,29.7030024,-98.1244531
Marysville,Washington,48.0517637,-122.1770818
Tamarac,Florida,26.2128609,-80.2497707
Madera,California,36.9613356,-120.0607176
Conroe,Texas,30.3118769,-95.45605119999999
Santa Cruz,California,36.9741171,-122.0307963
Eden Prairie,Minnesota,44.8546856,-93.47078599999999
Cheyenne,Wyoming,41.1399814,-104.8202462
Daytona Beach,Florida,29.2108147,-81.0228331
Alpharetta,Georgia,34.0753762,-84.2940899
Hamilton,Ohio,39.3995008,-84.5613355
Waltham,Massachusetts,42.3764852,-71.2356113
Coon Rapids,Minnesota,45.1732394,-93.30300629999999
Haverhill,Massachusetts,42.7762015,-71.0772796
Council Bluffs,Iowa,41.2619444,-95.8608333
Taylor,Michigan,42.240872,-83.2696509
Utica,New York,43.100903,-75.232664
Ames,Iowa,42.0307812,-93.63191309999999
La Habra,California,33.9318591,-117.946137
Encinitas,California,33.0369867,-117.2919818
Bowling Green,Kentucky,36.9685219,-86.4808043
Burnsville,Minnesota,44.7677424,-93.27772259999999
Greenville,South Carolina,34.85261759999999,-82.3940104
West Des Moines,Iowa,41.5638902,-93.75938409999999
Cedar Park,Texas,30.505198,-97.8202888
Tulare,California,36.2077288,-119.3473379
Monterey Park,California,34.0625106,-118.1228476
Vineland,New Jersey,39.4863773,-75.02596369999999
Terre Haute,Indiana,39.4667034,-87.41390919999999
North Miami,Florida,25.8900949,-80.1867138
Mansfield,Texas,32.5631924,-97.1416768
West Allis,Wisconsin,43.0166806,-88.0070315
Bristol,Connecticut,41.67176480000001,-72.9492703
Taylorsville,Utah,40.66772479999999,-111.9388258
Malden,Massachusetts,42.4250964,-71.066163
Meriden,Connecticut,41.5381535,-72.80704349999999
Blaine,Minnesota,45.1607987,-93.23494889999999
Wellington,Florida,26.6617635,-80.2683571
Cupertino,California,37.3229978,-122.0321823
Springfield,Oregon,44.0462362,-123.0220289
Rogers,Arkansas,36.3320196,-94.1185366
St. Clair Shores,Michigan,42.4974085,-82.89636039999999
Gardena,California,33.8883487,-118.3089624
Pontiac,Michigan,42.6389216,-83.29104679999999
National City,California,32.6781085,-117.0991967
Grand Junction,Colorado,39.0638705,-108.5506486
Rocklin,California,38.7907339,-121.2357828
Chapel Hill,North Carolina,35.9131996,-79.0558445
Casper,Wyoming,42.8500769,-106.3251749
Broomfield,Colorado,39.9205411,-105.0866504
Petaluma,California,38.232417,-122.6366524
South Jordan,Utah,40.5621704,-111.929658
Springfield,Ohio,39.9242266,-83.8088171
Great Falls,Montana,47.5052849,-111.3007715
Lancaster,Pennsylvania,40.0378755,-76.3055144
North Port,Florida,27.044224,-82.2359254
Lakewood,Washington,47.1717649,-122.518458
Marietta,Georgia,33.95260200000001,-84.5499327
San Rafael,California,37.9735346,-122.5310874
Royal Oak,Michigan,42.4894801,-83.1446485
Des Plaines,Illinois,42.0333623,-87.88339909999999
Huntington Park,California,33.9816812,-118.2250725
La Mesa,California,32.7678287,-117.0230839
Orland Park,Illinois,41.6303103,-87.85394250000002
Auburn,Alabama,32.6098566,-85.48078249999999
Lakeville,Minnesota,44.6496868,-93.24271999999999
Owensboro,Kentucky,37.7719074,-87.1111676
Moore,Oklahoma,35.3395079,-97.48670279999999
Jupiter,Florida,26.9342246,-80.0942087
Idaho Falls,Idaho,43.49266069999999,-112.0407584
Dubuque,Iowa,42.50226610000001,-90.66546749999999
Bartlett,Tennessee,35.2045328,-89.8739753
Rowlett,Texas,32.9029017,-96.56388
Novi,Michigan,42.48059,-83.4754913
White Plains,New York,41.03398620000001,-73.7629097
Arcadia,California,34.1397292,-118.0353449
Redmond,Washington,47.6739881,-122.121512
Lake Elsinore,California,33.6680772,-117.3272615
Ocala,Florida,29.1871986,-82.14009229999999
Tinley Park,Illinois,41.5731442,-87.7932939
Port Orange,Florida,29.1383165,-80.9956105
Medford,Massachusetts,42.4184296,-71.1061639
Oak Lawn,Illinois,41.719978,-87.7479528
Rocky Mount,North Carolina,35.9382103,-77.7905339
Kokomo,Indiana,40.486427,-86.13360329999999
Coconut Creek,Florida,26.2517482,-80.17893509999999
Bowie,Maryland,39.0067768,-76.77913649999999
Berwyn,Illinois,41.85058739999999,-87.7936685
Midwest City,Oklahoma,35.4495065,-97.3967019
Fountain Valley,California,33.7090212,-117.9544069
Buckeye,Arizona,33.3703197,-112.5837766
Dearborn Heights,Michigan,42.3369816,-83.27326269999999
Woodland,California,38.67851570000001,-121.7732971
Noblesville,Indiana,40.0455917,-86.0085955
Valdosta,Georgia,30.8327022,-83.2784851
Diamond Bar,California,34.0286226,-117.8103367
Manhattan,Kansas,39.18360819999999,-96.57166939999999
Santee,California,32.8383828,-116.9739167
Taunton,Massachusetts,41.900101,-71.0897674
Sanford,Florida,28.8028612,-81.269453
Kettering,Ohio,39.68950359999999,-84.1688274
New Brunswick,New Jersey,40.4862157,-74.4518188
Decatur,Alabama,34.6059253,-86.9833417
Chicopee,Massachusetts,42.1487043,-72.6078672
Anderson,Indiana,40.1053196,-85.6802541
Margate,Florida,26.2445263,-80.206436
Weymouth Town,Massachusetts,42.2180724,-70.94103559999999
Hempstead,New York,40.7062128,-73.6187397
Corvallis,Oregon,44.5645659,-123.2620435
Eastvale,California,33.952463,-117.5848025
Porterville,California,36.06523,-119.0167679
West Haven,Connecticut,41.2705484,-72.9469711
Brentwood,California,37.931868,-121.6957863
Paramount,California,33.8894598,-118.1597911
Grand Forks,North Dakota,47.9252568,-97.0328547
Georgetown,Texas,30.6332618,-97.6779842
St. Peters,Missouri,38.7874699,-90.6298922
Shoreline,Washington,47.7559659,-122.3456972
Mount Prospect,Illinois,42.0664167,-87.9372908
Hanford,California,36.3274502,-119.6456844
Normal,Illinois,40.5142026,-88.9906312
Rosemead,California,34.0805651,-118.072846
Lehi,Utah,40.3916172,-111.8507662
Pocatello,Idaho,42.8621042,-112.4506191
Highland,California,34.1283442,-117.2086513
Novato,California,38.1074198,-122.5697032
Port Arthur,Texas,29.8849504,-93.93994699999999
Carson City,Nevada,39.1637984,-119.7674034
San Marcos,Texas,29.8832749,-97.9413941
Hendersonville,Tennessee,36.3047735,-86.6199957
Elyria,Ohio,41.3683798,-82.10764859999999
Revere,Massachusetts,42.4084302,-71.0119948
Pflugerville,Texas,30.4548451,-97.6222665
Greenwood,Indiana,39.6136578,-86.10665259999999
Bellevue,Nebraska,41.1543623,-95.9145568
Wheaton,Illinois,41.8661403,-88.1070127
Smyrna,Georgia,33.8839926,-84.51437609999999
Sarasota,Florida,27.3364347,-82.53065269999999
Blue Springs,Missouri,39.0169509,-94.2816148
Colton,California,34.0739016,-117.3136547
Euless,Texas,32.8370727,-97.08195409999999
Castle Rock,Colorado,39.3722121,-104.8560902
Cathedral City,California,33.7805388,-116.4668036
Kingsport,Tennessee,36.548434,-82.5618186
Lake Havasu City,Arizona,34.483901,-114.3224548
Pensacola,Florida,30.42130899999999,-87.2169149
Hoboken,New Jersey,40.7439905,-74.0323626
Yucaipa,California,34.033625,-117.0430865
Watsonville,California,36.910231,-121.7568946
Richland,Washington,46.28042000000001,-119.2751996
Delano,California,35.7688425,-119.2470536
Hoffman Estates,Illinois,42.0629915,-88.12271989999999
Florissant,Missouri,38.789217,-90.322614
Placentia,California,33.8710729,-117.8627548
West New York,New Jersey,40.7878788,-74.0143064
Dublin,California,37.7159396,-121.9101221
Oak Park,Illinois,41.8850317,-87.7845025
Peabody,Massachusetts,42.5278731,-70.9286609
Perth Amboy,New Jersey,40.5067723,-74.2654234
Battle Creek,Michigan,42.3211522,-85.17971419999999
Bradenton,Florida,27.4989278,-82.5748194
Gilroy,California,37.0029828,-121.5566373
Milford,Connecticut,41.2306979,-73.064036
Albany,Oregon,44.6365107,-123.1059282
Ankeny,Iowa,41.7317884,-93.6001278
La Crosse,Wisconsin,43.8137751,-91.25190169999999
Burlington,North Carolina,36.0956918,-79.43779909999999
DeSoto,Texas,32.5896998,-96.8570738
Harrisonburg,Virginia,38.4495688,-78.8689155
Minnetonka,Minnesota,44.9211836,-93.4687489
Elkhart,Indiana,41.6819935,-85.9766671
Lakewood,Ohio,41.4819932,-81.7981908
Glendora,California,34.1361187,-117.865339
Southaven,Mississippi,34.9918587,-90.0022958
Charleston,West Virginia,38.3498195,-81.6326234
Joplin,Missouri,37.08422710000001,-94.51328099999999
Enid,Oklahoma,36.3955891,-97.8783911
Palm Beach Gardens,Florida,26.8396096,-80.1019144
Brookhaven,Georgia,33.8650186,-84.33712659999999
Plainfield,New Jersey,40.6337136,-74.4073736
Grand Island,Nebraska,40.9263957,-98.3420118
Palm Desert,California,33.7222445,-116.3744556
Huntersville,North Carolina,35.410694,-80.84285040000002
Tigard,Oregon,45.4186785,-122.7872475
Lenexa,Kansas,38.9536174,-94.73357089999999
Saginaw,Michigan,43.4194699,-83.9508068
Kentwood,Michigan,42.8694731,-85.64474919999999
Doral,Florida,25.8195424,-80.3553302
Apple Valley,Minnesota,44.7319094,-93.21772000000001
Grapevine,Texas,32.9342919,-97.0780654
Aliso Viejo,California,33.5684605,-117.7262981
Sammamish,Washington,47.61626829999999,-122.0355736
Casa Grande,Arizona,32.9110027,-111.7733902
Pinellas Park,Florida,27.8428025,-82.6995443
Troy,New York,42.7284117,-73.69178509999999
West Sacramento,California,38.5804609,-121.530234
Burien,Washington,47.4668384,-122.3405305
Commerce City,Colorado,39.8083196,-104.9338675
Monroe,Louisiana,32.5093109,-92.1193012
Cerritos,California,33.8583483,-118.0647871
Downers Grove,Illinois,41.8089191,-88.01117459999999
Coral Gables,Florida,25.7491968,-80.2635411
Wilson,North Carolina,35.7212689,-77.9155395
Niagara Falls,New York,43.0962143,-79.0377388
Poway,California,32.9628232,-117.0358646
Edina,Minnesota,44.8896866,-93.3499489
Cuyahoga Falls,Ohio,41.1339449,-81.48455849999999
Rancho Santa Margarita,California,33.640171,-117.602832
Harrisburg,Pennsylvania,40.2731911,-76.8867008
Huntington,West Virginia,38.4192496,-82.44515400000002
La Mirada,California,33.9172357,-118.0120086
Cypress,California,33.8169366,-118.0368507
Caldwell,Idaho,43.66293839999999,-116.6873596
Logan,Utah,41.7369803,-111.8338359
Galveston,Texas,29.3013479,-94.7976958
Sheboygan,Wisconsin,43.7508284,-87.71453
Middletown,Ohio,39.5150576,-84.39827629999999
Murray,Utah,40.6668916,-111.8879909
Roswell,New Mexico,33.3942655,-104.5230242
Parker,Colorado,39.5186002,-104.7613633
Bedford,Texas,32.844017,-97.1430671
East Lansing,Michigan,42.7369792,-84.48386540000001
Methuen,Massachusetts,42.7262016,-71.1908924
Covina,California,34.0900091,-117.8903397
Alexandria,Louisiana,31.3112936,-92.4451371
Olympia,Washington,47.0378741,-122.9006951
Euclid,Ohio,41.5931049,-81.5267873
Mishawaka,Indiana,41.6619927,-86.15861559999999
Salina,Kansas,38.8402805,-97.61142369999999
Azusa,California,34.1336186,-117.9075627
Newark,Ohio,40.0581205,-82.4012642
Chesterfield,Missouri,38.6631083,-90.5770675
Leesburg,Virginia,39.1156615,-77.56360149999999
Dunwoody,Georgia,33.9462125,-84.3346473
Hattiesburg,Mississippi,31.3271189,-89.29033919999999
Roseville,Michigan,42.4972583,-82.9371409
Bonita Springs,Florida,26.339806,-81.7786972
Portage,Michigan,42.2011538,-85.5800022
St. Louis Park,Minnesota,44.9597376,-93.3702186
Collierville,Tennessee,35.042036,-89.6645266
Middletown,Connecticut,41.5623209,-72.6506488
Stillwater,Oklahoma,36.1156071,-97.0583681
East Providence,Rhode Island,41.8137116,-71.3700545
Lawrence,Indiana,39.8386516,-86.0252612
Wauwatosa,Wisconsin,43.0494572,-88.0075875
Mentor,Ohio,41.6661573,-81.339552
Ceres,California,37.5947202,-120.9568815
Cedar Hill,Texas,32.5884689,-96.9561152
Mansfield,Ohio,40.75839,-82.5154471
Binghamton,New York,42.09868669999999,-75.91797380000001
Coeur d'Alene,Idaho,47.6734632,-116.7812225
San Luis Obispo,California,35.2827524,-120.6596156
Minot,North Dakota,48.2329668,-101.2922906
Palm Springs,California,33.8302961,-116.5452921
Pine Bluff,Arkansas,34.2284312,-92.00319549999999
Texas City,Texas,29.383845,-94.9027002
Summerville,South Carolina,33.0185039,-80.17564809999999
Twin Falls,Idaho,42.5558381,-114.4700518
Jeffersonville,Indiana,38.2775702,-85.7371847
San Jacinto,California,33.7839084,-116.958635
Madison,Alabama,34.6992579,-86.74833180000002
Altoona,Pennsylvania,40.5186809,-78.3947359
Columbus,Indiana,39.2014404,-85.9213796
Beavercreek,Ohio,39.7092262,-84.06326849999999
Apopka,Florida,28.6934076,-81.5322149
Elmhurst,Illinois,41.8994744,-87.9403418
Maricopa,Arizona,33.0581063,-112.0476423
Farmington,New Mexico,36.72805830000001,-108.2186856
Glenview,Illinois,42.0778065,-87.8223368
Cleveland Heights,Ohio,41.5200518,-81.556235
Draper,Utah,40.5246711,-111.8638226
Lincoln,California,38.891565,-121.2930079
Sierra Vista,Arizona,31.5455001,-110.2772856
Lacey,Washington,47.0358969,-122.8232553
Biloxi,Mississippi,30.3960318,-88.88530779999999
Strongsville,Ohio,41.3144966,-81.83569
Barnstable Town,Massachusetts,41.7003208,-70.3002024
Wylie,Texas,33.0151201,-96.5388789
Sayreville,New Jersey,40.45940210000001,-74.360846
Kannapolis,North Carolina,35.4873613,-80.6217341
Charlottesville,Virginia,38.0293059,-78.47667810000002
Littleton,Colorado,39.613321,-105.0166498
Titusville,Florida,28.6122187,-80.8075537
Hackensack,New Jersey,40.8859325,-74.0434736
Newark,California,37.5299765,-122.0383968
Pittsfield,Massachusetts,42.4500845,-73.2453824
York,Pennsylvania,39.9625984,-76.727745
Lombard,Illinois,41.8800296,-88.00784349999999
Attleboro,Massachusetts,41.94454409999999,-71.2856082
DeKalb,Illinois,41.9294736,-88.75036469999999
Blacksburg,Virginia,37.2295733,-80.4139393
Dublin,Ohio,40.0992294,-83.1140771
Haltom City,Texas,32.7995738,-97.26918169999999
Lompoc,California,34.6391501,-120.4579409
El Centro,California,32.792,-115.5630514
Danville,California,37.8215929,-121.9999606
Jefferson City,Missouri,38.57670170000001,-92.1735164
Cutler Bay,Florida,25.5808323,-80.34685929999999
Oakland Park,Florida,26.1723065,-80.1319893
North Miami Beach,Florida,25.9331488,-80.1625463
Freeport,New York,40.6576022,-73.58318349999999
Moline,Illinois,41.5067003,-90.51513419999999
Coachella,California,33.6803003,-116.173894
Fort Pierce,Florida,27.4467056,-80.3256056
Smyrna,Tennessee,35.9828412,-86.5186045
Bountiful,Utah,40.8893895,-111.880771
Fond du Lac,Wisconsin,43.7730448,-88.4470508
Everett,Massachusetts,42.40843,-71.0536625
Danville,Virginia,36.5859718,-79.39502279999999
Keller,Texas,32.9341893,-97.229298
Belleville,Illinois,38.5200504,-89.9839935
Bell Gardens,California,33.9652918,-118.1514588
Cleveland,Tennessee,35.1595182,-84.8766115
North Lauderdale,Florida,26.217305,-80.2258811
Fairfield,Ohio,39.3454673,-84.5603187
Salem,Massachusetts,42.51954,-70.8967155
Rancho Palos Verdes,California,33.7444613,-118.3870173
San Bruno,California,37.6304904,-122.4110835
Concord,New Hampshire,43.2081366,-71.5375718
Burlington,Vermont,44.4758825,-73.21207199999999
Apex,North Carolina,35.732652,-78.85028559999999
Midland,Michigan,43.6155825,-84.2472116
Altamonte Springs,Florida,28.6611089,-81.3656242
Hutchinson,Kansas,38.0608445,-97.92977429999999
Buffalo Grove,Illinois,42.1662831,-87.9631308
Urbandale,Iowa,41.6266555,-93.71216559999999
State College,Pennsylvania,40.7933949,-77.8600012
Urbana,Illinois,40.1105875,-88.2072697
Plainfield,Illinois,41.632223,-88.2120315
Manassas,Virginia,38.7509488,-77.47526669999999
Bartlett,Illinois,41.9950276,-88.1856301
Kearny,New Jersey,40.7684342,-74.1454214
Oro Valley,Arizona,32.3909071,-110.966488
Findlay,Ohio,41.04422,-83.6499321
Rohnert Park,California,38.3396367,-122.7010984
Westfield,Massachusetts,42.1250929,-72.749538
Linden,New Jersey,40.6220478,-74.24459019999999
Sumter,South Carolina,33.9204354,-80.3414693
Wilkes-Barre,Pennsylvania,41.2459149,-75.88130749999999
Woonsocket,Rhode Island,42.00287609999999,-71.51478390000001
Leominster,Massachusetts,42.5250906,-71.759794
Shelton,Connecticut,41.3164856,-73.0931641
Brea,California,33.916475,-117.9002918
Covington,Kentucky,39.0836712,-84.5085536
Rockwall,Texas,32.93123360000001,-96.4597089
Meridian,Mississippi,32.3643098,-88.703656
Riverton,Utah,40.521893,-111.9391023
St. Cloud,Florida,28.2489016,-81.2811801
Quincy,Illinois,39.9356016,-91.4098726
Morgan Hill,California,37.1305012,-121.6543901
Warren,Ohio,41.2375569,-80.81841659999999
Edmonds,Washington,47.8106521,-122.3773551
Burleson,Texas,32.5420821,-97.3208492
Beverly,Massachusetts,42.5584283,-70.880049
Mankato,Minnesota,44.1635775,-93.99939959999999
Hagerstown,Maryland,39.6417629,-77.71999319999999
Prescott,Arizona,34.5400242,-112.4685025
Campbell,California,37.2871651,-121.9499568
Cedar Falls,Iowa,42.5348993,-92.4453161
Beaumont,California,33.9294606,-116.977248
La Puente,California,34.0200114,-117.9495083
Crystal Lake,Illinois,42.2411344,-88.31619649999999
Fitchburg,Massachusetts,42.5834228,-71.8022955
Carol Stream,Illinois,41.91252859999999,-88.13479269999999
Hickory,North Carolina,35.7344538,-81.3444573
Streamwood,Illinois,42.0255827,-88.17840849999999
Norwich,Connecticut,41.5242649,-72.07591049999999
Coppell,Texas,32.9545687,-97.01500779999999
San Gabriel,California,34.09611110000001,-118.1058333
Holyoke,Massachusetts,42.2042586,-72.6162009
Bentonville,Arkansas,36.3728538,-94.2088172
Florence,Alabama,34.79981,-87.677251
Peachtree Corners,Georgia,33.9698809,-84.22147059999999
Brentwood,Tennessee,36.0331164,-86.78277720000001
Bozeman,Montana,45.6769979,-111.0429339
New Berlin,Wisconsin,42.9764027,-88.1084224
Goose Creek,South Carolina,32.9810059,-80.03258670000001
Huntsville,Texas,30.7235263,-95.55077709999999
Prescott Valley,Arizona,34.6100243,-112.315721
Maplewood,Minnesota,44.9530215,-92.9952153
Romeoville,Illinois,41.6475306,-88.0895061
Duncanville,Texas,32.6518004,-96.9083366
Atlantic City,New Jersey,39.3642834,-74.4229266
Clovis,New Mexico,34.4047987,-103.2052272
The Colony,Texas,33.0806083,-96.89283089999999
Culver City,California,34.0211224,-118.3964665
Marlborough,Massachusetts,42.3459271,-71.5522874
Hilton Head Island,South Carolina,32.216316,-80.752608
Moorhead,Minnesota,46.8737648,-96.76780389999999
Calexico,California,32.6789476,-115.4988834
Bullhead City,Arizona,35.1359386,-114.5285981
Germantown,Tennessee,35.0867577,-89.8100858
La Quinta,California,33.6633573,-116.3100095
Lancaster,Ohio,39.7136754,-82.5993294
Wausau,Wisconsin,44.9591352,-89.6301221
Sherman,Texas,33.6356618,-96.6088805
Ocoee,Florida,28.5691677,-81.5439619
Shakopee,Minnesota,44.7973962,-93.5272861
Woburn,Massachusetts,42.4792618,-71.1522765
Bremerton,Washington,47.5650067,-122.6269768
Rock Island,Illinois,41.5094771,-90.5787476
Muskogee,Oklahoma,35.7478769,-95.3696909
Cape Girardeau,Missouri,37.3058839,-89.51814759999999
Annapolis,Maryland,38.9784453,-76.4921829
Greenacres,Florida,26.6276276,-80.1353896
Ormond Beach,Florida,29.2858129,-81.0558894
Hallandale Beach,Florida,25.9812024,-80.14837899999999
Stanton,California,33.8028875,-117.9931203
Puyallup,Washington,47.1853785,-122.2928974
Pacifica,California,37.6138253,-122.4869194
Hanover Park,Illinois,41.9994722,-88.1450735
Hurst,Texas,32.8234621,-97.1705678
Lima,Ohio,40.742551,-84.1052256
Marana,Arizona,32.436381,-111.2224422
Carpentersville,Illinois,42.1211364,-88.2578582
Oakley,California,37.9974219,-121.7124536
Huber Heights,Ohio,39.843947,-84.12466080000002
Lancaster,Texas,32.5920798,-96.7561082
Montclair,California,34.0775104,-117.6897776
Wheeling,Illinois,42.1391927,-87.9289591
Brookfield,Wisconsin,43.0605671,-88.1064787
Park Ridge,Illinois,42.0111412,-87.84061919999999
Florence,South Carolina,34.1954331,-79.7625625
Roy,Utah,41.1616108,-112.0263313
Winter Garden,Florida,28.5652787,-81.58618469999999
Chelsea,Massachusetts,42.3917638,-71.0328284
Valley Stream,New York,40.6642699,-73.70846449999999
Spartanburg,South Carolina,34.9495672,-81.9320482
Lake Oswego,Oregon,45.415734,-122.7163273
Friendswood,Texas,29.5293998,-95.2010447
Westerville,Ohio,40.1266689,-82.9318807
Northglenn,Colorado,39.8961821,-104.9811468
Phenix City,Alabama,32.4709761,-85.0007653
Grove City,Ohio,39.88145189999999,-83.0929644
Texarkana,Texas,33.425125,-94.04768820000001
Addison,Illinois,41.931696,-87.9889556
Dover,Delaware,39.158168,-75.5243682
Lincoln Park,Michigan,42.2505943,-83.1785361
Calumet City,Illinois,41.6155909,-87.5294871
Muskegon,Michigan,43.2341813,-86.24839209999999
Aventura,Florida,25.9564812,-80.1392121
Martinez,California,38.0193657,-122.1341321
Greenfield,Wisconsin,42.9614039,-88.0125865
Apache Junction,Arizona,33.4150485,-111.5495777
Monrovia,California,34.1442616,-118.0019482
Weslaco,Texas,26.1595194,-97.9908366
Keizer,Oregon,44.9901194,-123.0262077
Spanish Fork,Utah,40.114955,-111.654923
Beloit,Wisconsin,42.5083482,-89.03177649999999
Panama City,Florida,30.1588129,-85.6602058
